{
  "clusters": [{
    "name": "Cluster-k8-005",
    "id": "cluster-k8-005",
    "type": "Azure",
    "desc": "This is a backup of cluster-k8-005",
    "timestamp": "Fri May 18 2020, 14:23:01 EST",
    "cnfs": [{
      "name": "fed-amf-001",
      "id": "fed-amf-001",
      "type": "AMF",
      "version": "10.0.0-6",
      "desc": "Lorem Ipsum dolor sit"
      },
      {
        "name": "fed-smf-001",
        "id": "fed-smf-001",
        "type": "SMF",
        "version": "10.0.0-941",
        "desc": "Lorem Ipsum dolor sit"
      },
      {
        "name": "fed-upf-001",
        "id": "fed-upf-001",
        "type": "UPF",
        "version": "10.0.1-5",
        "desc": "Lorem Ipsum dolor sit"
      },
      {
        "name": "fed-nrf-001",
        "id": "fed-nrf-001",
        "type": "NRF",
        "version": "10.0.11",
        "desc": "Lorem Ipsum dolor sit"
      }],
    "paasComponents": [{
      "name": "fed-grafana-001",
      "id": "fed-grafana-001",
      "type": "Grafana",
      "version": "10.0.47",
      "desc": "Lorem Ipsum dolor sit amet"
    },
      {
        "name": "fed-istio-001",
        "id": "fed-istio-001",
        "type": "Istio",
        "version": "10.0.23",
        "desc": "Lorem Ipsum dolor sit amet"
      },
      {
        "name": "fed-prometheus-001",
        "id": "fed-prometheus-001",
        "type": "Prometheus",
        "version": "10.0.64",
        "desc": "Lorem Ipsum dolor sit amet"
      }]
  }, {
    "name": "Cluster-container-1",
    "id": "cluster-container-1",
    "type": "-",
    "desc": "This is a newly created cluster, valid and ready to instantiate",
    "timestamp": "Tue Apr 22 2020, 08:42:13 EST",
    "cnfs": [{
      "name": "fed-amf-001",
      "id": "fed-amf-001",
      "type": "AMF",
      "version": "10.0.0-6",
      "desc": "Lorem Ipsum dolor sit"
    }, {
      "name": "fed-smf-001",
      "id": "fed-smf-001",
      "type": "SMF",
      "version": "10.0.0-941",
      "desc": "Lorem Ipsum dolor sit"
    }],
    "paasComponents": [{
      "name": "fed-grafana-001",
      "id": "fed-grafana-001",
      "type": "Grafana",
      "version": "10.0.47",
      "desc": "Lorem Ipsum dolor sit amet"
    },
      {
        "name": "fed-istio-001",
        "id": "fed-istio-001",
        "type": "Istio",
        "version": "10.0.23",
        "desc": "Lorem Ipsum dolor sit amet"
      },
      {
        "name": "fed-prometheus-001",
        "id": "fed-prometheus-001",
        "type": "Prometheus",
        "version": "10.0.64",
        "desc": "Lorem Ipsum dolor sit amet"
      }]
  },
    {
      "name": "Cluster-container-2",
      "id": "cluster-container-2",
      "type": "-",
      "desc": "This is contains a single AMF",
      "timestamp": "Mon Apr 03 2020, 01:15:06 EST",
      "cnfs": [{
        "name": "fed-amf-001",
        "id": "fed-amf-001",
        "type": "AMF",
        "version": "10.0.0-6",
        "desc": "Lorem Ipsum dolor sit"
      }],
      "paasComponents": [{
        "name": "fed-grafana-001",
        "id": "fed-grafana-001",
        "type": "Grafana",
        "version": "10.0.47",
        "desc": "Lorem Ipsum dolor sit amet"
      },
        {
          "name": "fed-istio-001",
          "id": "fed-istio-001",
          "type": "Istio",
          "version": "10.0.23",
          "desc": "Lorem Ipsum dolor sit amet"
        },
        {
          "name": "fed-prometheus-001",
          "id": "fed-prometheus-001",
          "type": "Prometheus",
          "version": "10.0.64",
          "desc": "Lorem Ipsum dolor sit amet"
        }]
    }]
}