{
  "id": "5ee29ecc57540e00075483eb",
  "name": "foobar1",                 
  "description": "",
  "createdTimestamp": "1591910092115",
  "updatedTimestamp": "",
  "dzId": "1",
  "clusterId": "cca085.4b2c09f7b029c1b8",
  "repo": "localCM",
  "status": "",
  "branch": [
      {
          "nfAndPaasInstanceId": "5ee29ecc57540e00075483df",
          "releaseName": "fed-example",
          "namespace": "fed-example",
          "description": "",
          "name": "fed-example-1.0.0-361-main-int",
          "values": null,
          "type": "NF",
          "chartType": "AFFIRMED",
          "status": "DEPLOYED",
          "order": 0,
          "nonClickable": false,
          "branch": [
              {
                  "nfAndPaasInstanceId": "5ee29ecc57540e00075483e8",
                  "releaseName": "fed-crds",
                  "namespace": "fed-crds",
                  "description": "",
                  "name": "fed-crds-1.0.0-420-main-int",
                  "values": null,
                  "type": "PAAS",
                  "chartType": "AFFIRMED_PAAS",
                  "status": null,
                  "order": 1,
                  "nonClickable": true
              },
              {
                  "nfAndPaasInstanceId": "5ee29ecc57540e00075483e3",
                  "releaseName": "fed-service-reg",
                  "namespace": "fed-service-reg",
                  "description": "",
                  "name": "fed-service_reg-1.0.1-79-main-int-dbg",
                  "values": null,
                  "type": "PAAS",
                  "chartType": "AFFIRMED_PAAS",
                  "status": null,
                  "order": 2,
                  "nonClickable": true
              },
              {
                  "nfAndPaasInstanceId": "5ee29ecc57540e00075483ea",
                  "releaseName": "fed-paas-helper",
                  "namespace": "fed-paas-helper",
                  "description": "",
                  "name": "fed-paas_helpers-1.0.0-368-main-int",
                  "values": null,
                  "type": "PAAS",
                  "chartType": "AFFIRMED_PAAS",
                  "status": null,
                  "order": 3,
                  "nonClickable": true
              },
              {
                  "nfAndPaasInstanceId": "5ee29ecc57540e00075483e6",
                  "releaseName": "fed-kubedb-operator",
                  "namespace": "fed-kubedb-operator",
                  "description": "",
                  "name": "fed-kubedb_operator-1.0.0-79-main-int",
                  "values": null,
                  "type": "PAAS",
                  "chartType": "KUBEDB",
                  "status": null,
                  "order": 3,
                  "nonClickable": true
              },
              {
                  "nfAndPaasInstanceId": "5ee29ecc57540e00075483e9",
                  "releaseName": "fed-metallb",
                  "namespace": "fed-metallb",
                  "description": "",
                  "name": "fed-metallb-1.0.0-11-main-int",
                  "values": null,
                  "type": "PAAS",
                  "chartType": "METALLB",
                  "status": null,
                  "order": 3,
                  "nonClickable": true
              },
              {
                  "nfAndPaasInstanceId": "5ee29ecc57540e00075483e5",
                  "releaseName": "fed-db-etcd",
                  "namespace": "fed-db-etcd",
                  "description": "",
                  "name": "fed-db_etcd-1.0.0-392-main-int",
                  "values": null,
                  "type": "PAAS",
                  "chartType": "ETCD",
                  "status": null,
                  "order": 4,
                  "nonClickable": true
              },
              {
                  "nfAndPaasInstanceId": "5ee29ecc57540e00075483e1",
                  "releaseName": "fed-mongo",
                  "namespace": "fed-mongo",
                  "description": "",
                  "name": "fed-db_mongo_ram-1.0.0-337-main-int",
                  "values": null,
                  "type": "PAAS",
                  "chartType": "MONGO",
                  "status": null,
                  "order": 4,
                  "nonClickable": true
              },
              {
                  "nfAndPaasInstanceId": "5ee29ecc57540e00075483e4",
                  "releaseName": "fed-istio",
                  "namespace": "fed-istio",
                  "description": "",
                  "name": "fed-istio-1.0.0-523-main-int",
                  "values": null,
                  "type": "PAAS",
                  "chartType": "ISTIO",
                  "status": null,
                  "order": 4,
                  "nonClickable": true
              },
              {
                  "nfAndPaasInstanceId": "5ee29ecc57540e00075483e2",
                  "releaseName": "fed-grafana",
                  "namespace": "fed-grafana",
                  "description": "",
                  "name": "fed-grafana-1.0.0-322-main-int",
                  "values": null,
                  "type": "PAAS",
                  "chartType": "GRAFANA",
                  "status": null,
                  "order": 4,
                  "nonClickable": true
              },
              {
                  "nfAndPaasInstanceId": "5ee29ecc57540e00075483e7",
                  "releaseName": "fed-prometheus",
                  "namespace": "fed-prometheus",
                  "description": "",
                  "name": "fed-prometheus-1.0.0-463-main-int",
                  "values": null,
                  "type": "PAAS",
                  "chartType": "PROMETHEUS",
                  "status": null,
                  "order": 4,
                  "nonClickable": true
              },
              {
                  "nfAndPaasInstanceId": "5ee29ecc57540e00075483df",
                  "releaseName": "fed-example",
                  "namespace": "fed-example",
                  "description": "",
                  "name": "fed-example-1.0.0-361-main-int",
                  "values": null,
                  "type": "NF",
                  "chartType": "AFFIRMED",
                  "status": null,
                  "order": 5,
                  "nonClickable": true
              }
          ]
      },
      {
          "nfAndPaasInstanceId": "5ee29ecc57540e00075483e0",
          "releaseName": "fed-smf1",
          "namespace": "fed-smf1",
          "description": "",
          "name": "fed-smf-1.0.0-1060-main-int",
          "values": null,
          "type": "NF",
          "chartType": "AFFIRMED",
          "status": "DEPLOYED",
          "order": 0,
          "nonClickable": false,
          "branch": [
              {
                  "nfAndPaasInstanceId": "5ee29ecc57540e00075483e8",
                  "releaseName": "fed-crds",
                  "namespace": "fed-crds",
                  "description": "",
                  "name": "fed-crds-1.0.0-420-main-int",
                  "values": null,
                  "type": "PAAS",
                  "chartType": "AFFIRMED_PAAS",
                  "status": null,
                  "order": 1,
                  "nonClickable": true
              },
              {
                  "nfAndPaasInstanceId": "5ee29ecc57540e00075483e3",
                  "releaseName": "fed-service-reg",
                  "namespace": "fed-service-reg",
                  "description": "",
                  "name": "fed-service_reg-1.0.1-79-main-int-dbg",
                  "values": null,
                  "type": "PAAS",
                  "chartType": "AFFIRMED_PAAS",
                  "status": null,
                  "order": 2,
                  "nonClickable": true
              },
              {
                  "nfAndPaasInstanceId": "5ee29ecc57540e00075483ea",
                  "releaseName": "fed-paas-helper",
                  "namespace": "fed-paas-helper",
                  "description": "",
                  "name": "fed-paas_helpers-1.0.0-368-main-int",
                  "values": null,
                  "type": "PAAS",
                  "chartType": "AFFIRMED_PAAS",
                  "status": null,
                  "order": 3,
                  "nonClickable": true
              },
              {
                  "nfAndPaasInstanceId": "5ee29ecc57540e00075483e6",
                  "releaseName": "fed-kubedb-operator",
                  "namespace": "fed-kubedb-operator",
                  "description": "",
                  "name": "fed-kubedb_operator-1.0.0-79-main-int",
                  "values": null,
                  "type": "PAAS",
                  "chartType": "KUBEDB",
                  "status": null,
                  "order": 3,
                  "nonClickable": true
              },
              {
                  "nfAndPaasInstanceId": "5ee29ecc57540e00075483e5",
                  "releaseName": "fed-db-etcd",
                  "namespace": "fed-db-etcd",
                  "description": "",
                  "name": "fed-db_etcd-1.0.0-392-main-int",
                  "values": null,
                  "type": "PAAS",
                  "chartType": "ETCD",
                  "status": null,
                  "order": 4,
                  "nonClickable": true
              },
              {
                  "nfAndPaasInstanceId": "5ee29ecc57540e00075483e2",
                  "releaseName": "fed-grafana",
                  "namespace": "fed-grafana",
                  "description": "",
                  "name": "fed-grafana-1.0.0-322-main-int",
                  "values": null,
                  "type": "PAAS",
                  "chartType": "GRAFANA",
                  "status": null,
                  "order": 4,
                  "nonClickable": true
              },
              {
                  "nfAndPaasInstanceId": "5ee29ecc57540e00075483e1",
                  "releaseName": "fed-mongo",
                  "namespace": "fed-mongo",
                  "description": "",
                  "name": "fed-db_mongo_ram-1.0.0-337-main-int",
                  "values": null,
                  "type": "PAAS",
                  "chartType": "MONGO",
                  "status": null,
                  "order": 4,
                  "nonClickable": true
              },
              {
                  "nfAndPaasInstanceId": "5ee29ecc57540e00075483e4",
                  "releaseName": "fed-istio",
                  "namespace": "fed-istio",
                  "description": "",
                  "name": "fed-istio-1.0.0-523-main-int",
                  "values": null,
                  "type": "PAAS",
                  "chartType": "ISTIO",
                  "status": null,
                  "order": 4,
                  "nonClickable": true
              },
              {
                  "nfAndPaasInstanceId": "5ee29ecc57540e00075483e7",
                  "releaseName": "fed-prometheus",
                  "namespace": "fed-prometheus",
                  "description": "",
                  "name": "fed-prometheus-1.0.0-463-main-int",
                  "values": null,
                  "type": "PAAS",
                  "chartType": "PROMETHEUS",
                  "status": null,
                  "order": 4,
                  "nonClickable": true
              },
              {
                  "nfAndPaasInstanceId": "5ee29ecc57540e00075483e0",
                  "releaseName": "fed-smf1",
                  "namespace": "fed-smf1",
                  "description": "",
                  "name": "fed-smf-1.0.0-1060-main-int",
                  "values": null,
                  "type": "NF",
                  "chartType": "AFFIRMED",
                  "status": null,
                  "order": 5,
                  "nonClickable": true
              }
          ]
      }
  ],
  "nonClickable": true
}