{
	"title": "Lifecycle Management",
	"logo": "",
	"result": "form",
	"forms": [{
		"fields": [{
			"name": "type",
			"labelName": "Type",
			"description": "Type",
			"dataType": "enumeration",
			"maxLength": "20",
			"required": false,
			"value": "OpenStack",
			"readOnly": true,
			"enumeration": [{
				"name": "OpenStack",
				"value": "OpenStack"
			},{
				"name": "AWS",
				"value": "AWS"
			},{
				"name": "Azure",
				"value": "Azure"
			}]
		}, {
			"name": "os_auth_url_version",
			"labelName": "Auth Url Version",
			"description": "Os Auth Url Version",
			"dataType": "string",
			"maxLength": "20",
			"required": false,
			"value": ""
		}, {
			"name": "os_cert_path",
			"labelName": "Cert Path",
			"description": "Os Cert Path",
			"dataType": "string",
			"maxLength": "20",
			"required": false,
			"value": ""
		}, {
			"name": "os_id",
			"labelName": "Stack Id",
			"description": "Os ID",
			"dataType": "int64",
			"maxLength": "20",
			"required": true,
			"value": ""
		}, {
			"name": "os_ip",
			"labelName": "Stack Ip",
			"description": "Os IP",
			"dataType": "ipaddress",
			"maxLength": "20",
			"required": true,
			"value": ""
		}, {
			"name": "os_name",
			"labelName": "Stack Name",
			"description": "Os Name",
			"dataType": "string",
			"maxLength": "20",
			"required": true,
			"value": ""
		}, {
			"name": "os_pass",
			"labelName": "Stack Pass",
			"description": "Os Pass",
			"dataType": "string",
			"maxLength": "20",
			"required": true,
			"value": ""
		}, {
			"name": "os_port",
			"labelName": "Stack Port",
			"description": "Os Port",
			"dataType": "int64",
			"maxLength": "20",
			"required": true,
			"value": ""
		}, {
			"name": "os_project_name",
			"labelName": "Stack Project Name",
			"description": "Os Project Name",
			"dataType": "string",
			"maxLength": "20",
			"required": true,
			"value": ""
		}, {
			"name": "os_protocol_type",
			"labelName": "Stack Protocol Type",
			"description": "Os Protocol Type",
			"dataType": "string",
			"maxLength": "20",
			"required": true,
			"value": ""
		}, {
			"name": "os_user",
			"labelName": "Stack User",
			"description": "Os User",
			"dataType": "string",
			"maxLength": "20",
			"required": true,
			"value": ""
		}, {
			"name": "location",
			"labelName": "Location",
			"description": "location",
			"dataType": "enumeration",
			"maxLength": "20",
			"required": true,
			"value": "boston",
			"enumeration": [{
				"name": "Boston",
				"value": "boston"
			},{
				"name": "Texas",
				"value": "texas"
			}]
		}]
	}]
}