{
  "branch": [{
    "name": "OpenStack",
    "createMode": true,
    "type": "OpenStack",
    "branch": [{
      "name": "OpenStack 001",
      "id": "30f1283a",
      "type": "OpenStack"
    },{
      "name": "OpenStack 002",
      "id": "30f12223",
      "type": "OpenStack"
    }]
  }, {
    "name": "AWS",
    "createMode": true,
    "type": "AWS",
    "branch": [{
      "name": "AWS 001",
      "id": "30f13a",
      "type": "AWS"
    }]
  }, {
    "name": "Azure",
    "createMode": true,
    "type": "Azure",
    "branch": [{
      "name": "Azure 001",
      "id": "10f13a",
      "type": "Azure"
    }]
  }]
}