{
  "branch": [{
    "name": "charts",
    "branch": [{
        "name": "pod-db_agent",
        "branch": [{
          "name": "Chart.yaml",
          "id": "134"
        }, {
          "name": "values.yaml",
          "id": "334",
          "guid": "mongo"
        }]
    },{
      "name": "pod-amfcc",
      "branch": [{
        "name": "Chart.yaml",
        "id": "12"
      }, {
        "name": "values.yaml",
        "id": "332",
        "guid": "amfcc"
      }]
    }]
  },{
    "name": "templates",
    "branch": [{
      "name": "preInstall.tpl",
      "id": "2234"
    }]
  },{
    "name": "values.yaml",
    "id": "34",
    "guid": "amf_template"
  }, {
    "name": "readme.md",
    "id": "4242",
    "guid": "readme.md"
  }]
}