{
  "title": "Lifecycle Management",
  "name": "Cloud Platforms",
  "result": "form",
  "logo": "",
  "forms": [{
    "fields": [{
      "name": "type",
      "labelName": "Type",
      "description": "type",
      "dataType": "enumeration",
      "enumeration": [{
        "name": "OpenStack",
        "value": "openStack"
      }, {
        "name": "AWS",
        "value": "AWS"
      }, {
        "name": "Others",
        "value": "others"
      }],
      "maxLength": 15,
      "required": false,
      "value": ""
    },
      {
        "name": "stackName",
        "labelName": "Stack Name",
        "dataType": "string",
        "required": true,
        "description": "Status of the resource",
        "maxLength": 15,
        "value": ""
      },
      {
        "name": "port",
        "labelName": "Port",
        "dataType": "int16",
        "required": true,
        "description": "",
        "maxLength": 15,
        "value": ""
      },
      {
        "name": "password",
        "labelName": "Password",
        "dataType": "password",
        "required": true,
        "description": "password",
        "maxLength": 15,
        "value": ""
      },
      {
        "name": "osVersion",
        "labelName": "OS Version",
        "dataType": "boolean",
        "required": true,
        "description": "",
        "maxLength": 15,
        "value": false
      },
      {
        "name": "localDns",
        "labelName": "Local DNS",
        "dataType": "boolean",
        "required": true,
        "description": "",
        "maxLength": 15,
        "value": false
      },
      {
        "name": "stackId",
        "labelName": "Stack ID",
        "dataType": "string",
        "required": true,
        "description": "",
        "maxLength": 15,
        "value": ""
      },
      {
        "name": "userName",
        "labelName": "User Name",
        "dataType": "string",
        "required": true,
        "description": "",
        "maxLength": 15,
        "value": ""
      }, {
        "name": "projectName",
        "labelName": "Project Name",
        "dataType": "string",
        "required": true,
        "description": "",
        "maxLength": 15,
        "value": ""
      }, {
        "name": "protocolType",
        "labelName": "Protocol Type",
        "dataType": "boolean",
        "required": true,
        "description": "",
        "maxLength": 15,
        "value": false
      }

    ]
  }]


}