{
  "msClasses": [
    {
      "name": "AM Call Control",
      "status": "up",
      "msInstances": [
        {
          "name": "10.15.10.200",
          "status": "up"
        }
      ]
    },
    {
      "name": "AM Peer Management",
      "status": "up",
      "msInstances": [
        {
          "name": "10.10.15.210",
          "status": "up"
        }
      ]
    },
    {
      "name": "AM Resource Manager",
      "status": "up",
      "msInstances": [
        {
          "name": "10.10.10.210",
          "status": "up"
        }
      ]
    },
    {
      "name": "AM Peer Load Balancer",
      "status": "up",
      "msInstances": [
        {
          "name": "10.10.15.200",
          "status": "up"
        }
      ]
    },
    {
      "name": "AM Resource Manager",
      "status": "up",
      "msInstances": [
        {
          "name": "10.10.11.200",
          "status": "up"
        }
      ]
    },
    {
      "name": "Routing Manager",
      "status": "up",
      "msInstances": [
        {
          "name": "10.11.10.200",
          "status": "up"
        }
      ]
    },
    {
      "name": "IP Sec Manager",
      "status": "up",
      "msInstances": [
        {
          "name": "10.10.10.220",
          "status": "up"
        }
      ]
    },
    {
      "name": "LI Agent",
      "status": "up",
      "msInstances": [
        {
          "name": "10.10.10.100",
          "status": "up"
        }
      ]
    },
    {
      "name": "CDR Agent",
      "status": "up",
      "msInstances": [
        {
          "name": "10.19.10.200",
          "status": "up"
        }
      ]
    },
    {
      "name": "Diameter Agent",
      "status": "up",
      "msInstances": [
        {
          "name": "10.10.11.200",
          "status": "up"
        }
      ]
    },
    {
      "name": "GTP-C Path Management",
      "status": "up",
      "msInstances": [
        {
          "name": "10.11.10.200",
          "status": "up"
        }
      ]
    },
    {
      "name": "Fault/Trap Manager",
      "status": "up",
      "msInstances": [
        {
          "name": "10.10.10.211",
          "status": "up"
        }
      ]
    },
    {
      "name": "Configuration Manager",
      "status": "up",
      "msInstances": [
        {
          "name": "10.10.10.180",
          "status": "up"
        }
      ]
    },
    {
      "name": "Operational Dispatcher",
      "status": "up",
      "msInstances": [
        {
          "name": "10.15.10.100",
          "status": "up"
        }
      ]
    },
    {
      "name": "Log Manager",
      "status": "up",
      "msInstances": [
        {
          "name": "10.10.10.150",
          "status": "up"
        }
      ]
    },
    {
      "name": "SPerformance Manager",
      "status": "up",
      "msInstances": [
        {
          "name": "10.11.10.180",
          "status": "up"
        }
      ]
    },
    {
      "name": "Service Registry",
      "status": "up",
      "msInstances": [
        {
          "name": "10.10.12.200",
          "status": "up"
        }
      ]
    },
    {
      "name": "Database Microservice",
      "status": "up",
      "msInstances": [
        {
          "name": "10.10.12.220",
          "status": "up"
        }
      ]
    }
  ]
}