{
  "preReqList": [
    {
      "name": "fed-crds",
      "version": "1.0.0-99-main-int-sym",
      "chartType": "AFFIRMED_PAAS"
    },
    {
      "name": "fed-db_etcd",
      "version": "1.0.0-99-main-int-dbg",
      "chartType": "ETCD"
    },
    {
      "name": "fed-db_mongo_ram",
      "version": "1.0.0-55-main-int-dbg",
      "chartType": "MONGO"
    },
    {
      "name": "fed-istio",
      "version": "1.0.0-171-main-int-dbg",
      "chartType": "ISTIO"
    },
    {
      "name": "fed-kubedb_operator",
      "version": "1.0.0-31-main-int-dbg",
      "chartType": "KUBEDB"
    },
    {
      "name": "fed-paas_helpers",
      "version": "1.0.0-126-main-int-dbg",
      "chartType": "AFFIRMED_PAAS"
    },
    {
      "name": "fed-prometheus",
      "version": "1.0.0-142-main-int-dbg",
      "chartType": "PROMETHEUS"
    },
    {
      "name": "fed-service_reg",
      "version": "1.0.0-45-main-int-dbg",
      "chartType": "AFFIRMED_PAAS"
    }
  ]
}