{
  "result": "form",
  "forms": [{
     "name": "Kubernetes Cluster",
     "fieldsets": [{
       "rows": [{
         "fields": [
           {
             "name": "stack_id",
             "labelName": "Stack ID",
             "description": "",
             "dataType": "int32",
             "required": true,
             "value": "1"
           },{
             "name": "platform_vm_image",
             "labelName": "Platform VM Image",
             "description": "",
             "dataType": "string",
             "required": true,
             "value": "d34bs-sadf2d2-2ag233sd"
           },{
             "name": "vm_mgmt_id",
             "labelName": "VM Mgmt ID",
             "description": "",
             "dataType": "string",
             "required": true,
             "value": "7d34bs-sadf2d2-2ag2-33sd"
           },{
             "name": "vm_netmask",
             "labelName": "VM Netmast",
             "description": "",
             "dataType": "ipaddress",
             "required": true,
             "value": "255.255.255.0"
           },{
             "name": "vm_gw",
             "labelName": "VM GW",
             "description": "",
             "dataType": "ipaddress",
             "required": true,
             "value": "10.9.0.1"
           },{
             "name": "vm_domain",
             "labelName": "VM Domain",
             "description": "",
             "dataType": "string",
             "required": true,
             "value": "affirmed.local"
           },{
             "name": "vm_dns",
             "labelName": "VM DNS",
             "description": "",
             "dataType": "ipaddress",
             "required": true,
             "value": "172.16.128.20"
           },{
             "name": "vm_security_group_id",
             "labelName": "VM Security Group ID",
             "description": "",
             "dataType": "string",
             "required": true,
             "value": "default"
           },{
             "name": "cinder",
             "labelName": "Cinder",
             "description": "",
             "dataType": "boolean",
             "required": true,
             "value": true
           },{
             "name": "vm_disk_type",
             "labelName": "VM Disk Type",
             "description": "",
             "dataType": "string",
             "required": true,
             "value": "ibmsan"
           },{
             "name": "cloud_provider",
             "labelName": "Cloud Provider",
             "description": "",
             "dataType": "enumeration",
             "enumeration": [
               {
                 "name": "OpenStack",
                 "value": "OpenStack"
               },
               {
                 "name": "AWS",
                 "value": "AWS"
               }],
             "required": true,
             "value": "OpenStack"
           },{
             "name": "heat_version_before_newton",
             "labelName": "Heat Version",
             "description": "",
             "dataType": "boolean",
             "required": true,
             "value": false
           },{
             "name": "using_openstack_contrail",
             "labelName": "OpenStack Contrail",
             "description": "",
             "dataType": "boolean",
             "required": true,
             "value": false
           }]
       }]
       },
       {
         "name": "k8_master",
         "labelName": "Kubernetes Master Information",
         "extensible": false,
         "rows": [{
           "fields": [{
             "name": "cluster_name",
             "labelName": "Cluster Name",
             "dataType": "string",
             "required": true,
             "value": "userName-k8-master-1"
           },{
             "name": "vm_ip",
             "labelName": "VM IP",
             "dataType": "ipaddress",
             "required": true,
             "value": "10.15.10.100"
           },{
             "name": "vm_flavor",
             "labelName": "VM Flavor",
             "dataType": "string",
             "required": true,
             "value": "platformVM.cinder.small"
           },{
             "name": "vm_zone",
             "labelName": "VM Zone",
             "dataType": "string",
             "required": true,
             "value": "platform-zone"
           },{
             "name": "cluster_token",
             "labelName": "Cluster Token",
             "dataType": "string",
             "required": true,
             "value": "a090909"
           },{
             "name": "cluster_port",
             "labelName": "Cluster Port",
             "dataType": "string",
             "required": true,
             "value": "6443"
           },{
             "name": "cluster_user",
             "labelName": "Cluster User",
             "dataType": "string",
             "required": true,
             "value": "root"
           },{
             "name": "cluster_password",
             "labelName": "Cluster Password",
             "dataType": "password",
             "required": true,
             "value": "affirmed"
           },{
             "name": "disk_name",
             "labelName": "VM Disk Name",
             "dataType": "string",
             "required": true,
             "value": "a7868748qbdjasj"
           },{
             "name": "disk_size",
             "labelName": "Disk Size",
             "dataType": "string",
             "required": true,
             "value": "20"
           },{
             "name": "sr_iov",
             "labelName": "SR IOV",
             "dataType": "boolean",
             "required": true,
             "value": true
           }]
         }]
     },{
        "name": "k8_node_1",
        "labelName": "Kubernetes Nodes Information",
        "extensible": true,
        "min": 1,
        "max": 10,
        "rows": [{
          "fields": [{
            "name": "node_name",
            "labelName": "Node Name",
            "dataType": "string",
            "required": true,
            "value": "userName-k8-master-node-1"
          },{
            "name": "ip",
            "labelName": "IP",
            "dataType": "ipaddress",
            "required": true,
            "value": "10.15.10.101"
          },{
            "name": "flavor",
            "labelName": "Flavor",
            "dataType": "string",
            "required": true,
            "value": "platformVM.cinder.small"
          },{
            "name": "vm_zone",
            "labelName": "Zone",
            "dataType": "string",
            "required": true,
            "value": "platform-zone"
          },{
            "name": "disk_name",
            "labelName": "Disk Name",
            "dataType": "string",
            "required": true,
            "value": "a7868748qbdjasj"
          },{
            "name": "disk_size",
            "labelName": "Disk Size",
            "dataType": "string",
            "required": true,
            "value": "20"
          },{
            "name": "sr_iov",
            "labelName": "SR IOV",
            "dataType": "boolean",
            "required": true,
            "value": true
          }]
        },{
          "fields": [{
            "name": "node_name",
            "labelName": "Node Name",
            "dataType": "string",
            "required": true,
            "value": "userName-k8-master-node-2"
          },{
            "name": "ip",
            "labelName": "IP",
            "dataType": "ipaddress",
            "required": true,
            "value": "10.15.10.102"
          },{
            "name": "flavor",
            "labelName": "Flavor",
            "dataType": "string",
            "required": true,
            "value": "platformVM.cinder.small"
          },{
            "name": "vm_zone",
            "labelName": "Zone",
            "dataType": "string",
            "required": true,
            "value": "platform-zone"
          },{
            "name": "disk_name",
            "labelName": "Disk Name",
            "dataType": "string",
            "required": true,
            "value": "a7868748qbdjasj"
          },{
            "name": "disk_size",
            "labelName": "Disk Size",
            "dataType": "string",
            "required": true,
            "value": "20"
          },{
            "name": "sr_iov",
            "labelName": "SR IOV",
            "dataType": "boolean",
            "required": true,
            "value": true
          }]
        }]
     }]
  }]
}