{
  "branch": [{
    "name": "OpenStack",
    "branch": [{
      "name": "OpenStack 001",
      "id": "1",
      "type": "OpenStack",
      "createMode": true,
      "branch": [{
        "name": "Cluster 001",
        "id": "11"
      }]
    },{
      "name": "OpenStack 002",
      "type": "OpenStack",
      "id": "2",
      "createMode": true,
      "branch": [{
        "name": "Cluster 002",
        "id": "22"
      }]
    }]
  }, {
    "name": "AWS",
    "branch": [{
      "name": "AWS 001",
      "type": "AWS",
      "id": "3",
      "createMode": true,
      "branch": [{
        "name": "Cluster 003",
        "id": "33"
      }]
    }]
  }, {
    "name": "Azure",
    "branch": [{
      "name": "Azure 001",
      "type": "Azure",
      "id": "4",
      "createMode": true,
      "branch": [{
        "name": "Cluster 004",
        "id": "44"
      }]
    }]
  }]
}