{
  "pods": [{
    "name": "AM Call Control",
    "replicas": "2"
  },{
    "name": "AM Peer Management",
    "replicas": "1"
  },{
    "name": "AM Resource Manager",
    "replicas": "1"
  },{
    "name": "AM Peer Load Balancer",
    "replicas": "1"
  },{
    "name": "Routing Manager",
    "replicas": "2"
  },{
    "name": "CDR Agent",
    "replicas": "3"
  },{
    "name": "IP Sec Manager",
    "replicas": "1"
  },{
    "name": "LI Agent",
    "replicas": "1"
  },{
    "name": "Diameter Agent",
    "replicas": "1"
  },{
    "name": "GTP-C Path Management",
    "replicas": "1"
  },{
    "name": "Fault/Trap Manager",
    "replicas": "1"
  },{
    "name": "Configuration Manager",
    "replicas": "1"
  },{
    "name": "Operational Dispatcher",
    "replicas": "1"
  },{
    "name": "Log Manager",
    "replicas": "1"
  },{
    "name": "Performance Manager",
    "replicas": "1"
  },{
    "name": "Service Registry",
    "replicas": "1"
  },{
    "name": "Database MicroService",
    "replicas": "1"
  }]
}