{
  "clusters": {
    "name": "Cluster-k8-005",
    "id": "cluster-k8-005",
    "cnfs": [{
      "name": "fed-amf",
      "version": "1.0.0-55",
      "type": "AFFIRMED"
    },
      {
        "name": "fed-smf",
        "version": "1.0.0-54",
        "type": "AFFIRMED"
      },
      {
        "name": "fed-upf",
        "version": "1.0.0-45",
        "type": "AFFIRMED"
      },
      {
        "name": "fed-nrf",
        "version": "1.0.0-33",
        "type": "AFFIRMED"
      },
      {
        "name": "fed-nssf",
        "version": "1.0.0-40",
        "type": "AFFIRMED"
      }],
    "paasComponents": [{
      "name": "fed-crds",
      "version": "1.0.0-41",
      "type": "AFFIRMED_PAAS"
    },{
      "name": "fed-istio",
      "version": "1.0.0-171",
      "type": "ISTIO"
    },{
      "name": "fed-kubedb_operator",
      "version": "1.0.0-31",
      "type": "KUBEDB"
    },
      {
        "name": "fed-prometheus",
        "version": "1.0.0-142",
        "type": "PROMETHEUS"
      },
      {
        "name": "fed-db_mongo",
        "version": "1.0.0-55",
        "type": "MONGO"
      },
      {
        "name": "fed-db_etcd",
        "version": "1.0.0-41",
        "type": "ETCD"
      },
      {
        "name": "fed-paas_helpers",
        "version": "1.0.0-126",
        "type": "AFFIRMED_PAAS"
      },
      {
        "name": "fed-service_reg",
        "version": "1.0.0-45",
        "type": "AFFIRMED_PAAS"
      }
    ]
  }
}