{
    "areaPath"           :  "AzureForOperators\\PacketCore\\Unity Cloud\\Operations",
    "iterationPath"      :  "AzureForOperators\\",
    "notificationAliases":  [
                            "a4oucoperationsdev@microsoft.com"
                            ],
    "template"           :  "TFSMSAzureOneAgile",
    "repositoryName"     :  "msazuredev.AzureForOperators.cna-opm_web",
    "codebaseName"       :  "TFSMSAzureOneAgile_msazuredev.AzureForOperators.cna-opm_web",
    "instanceUrl"        :  "https://msazuredev.visualstudio.com/"
}


